lad19cd,lad19nm,Age.16+..Respondents, Age.16+..Inactive , Age.16+..Fairly.Active , Age.16..Active ,Male.Respondents, Male.Inactive , Male.Fairly.Active , Male.Active ,Female.Respondents, Female.Inactive , Female.Fairly.Active , Female.Active ,Total.Inactive.breaks,Total.Fairly.Active.breaks,Total.Active.breaks,Male.Inactive.breaks,Male.Fairly.Active.breaks,Male.Active.breaks,Female.Inactive.breaks,Female.Fairly.Active.breaks,Female.Active.breaks
E07000223,Adur,566, 0.22 , 0.12 , 0.66 ,253, 0.25 , -   , 0.65 ,312, 0.20 , 0.12 , 0.68 ,20-30%,10-20%,60-70%,20-30%,NA,60-70%,10-20%,10-20%,60-70%
E07000026,Allerdale,493, 0.22 , 0.11 , 0.66 ,221, 0.22 , -   , 0.66 ,270, 0.23 , -   , 0.67 ,20-30%,10-20%,60-70%,20-30%,NA,60-70%,20-30%,NA,60-70%
E07000032,Amber Valley,462, 0.24 , 0.11 , 0.64 ,211, 0.26 , -   , 0.66 ,251, 0.22 , 0.15 , 0.62 ,20-30%,10-20%,60-70%,20-30%,NA,60-70%,20-30%,10-20%,60-70%
E07000224,Arun,474, 0.24 , 0.13 , 0.63 ,200, 0.19 , 0.13 , 0.68 ,273, 0.28 , 0.14 , 0.59 ,20-30%,10-20%,60-70%,10-20%,10-20%,60-70%,20-30%,10-20%,50-60%
E07000170,Ashfield,424, 0.31 , 0.10 , 0.59 ,196, 0.31 , -   , 0.61 ,226, 0.30 , -   , 0.58 ,30-40%,10-20%,50-60%,30-40%,NA,60-70%,20-30%,NA,50-60%
E07000105,Ashford,464, 0.31 , 0.11 , 0.58 ,209, 0.31 , -   , 0.63 ,253, 0.31 , 0.17 , 0.52 ,30-40%,10-20%,50-60%,30-40%,NA,60-70%,30-40%,10-20%,50-60%
E07000004,Aylesbury Vale,480, 0.20 , 0.15 , 0.65 ,213, 0.22 , 0.13 , 0.65 ,267, 0.18 , 0.17 , 0.65 ,10-20%,10-20%,60-70%,20-30%,10-20%,60-70%,10-20%,10-20%,60-70%
E07000200,Babergh,451, 0.24 , 0.13 , 0.62 ,185, 0.21 , -   , 0.66 ,265, 0.26 , 0.14 , 0.60 ,20-30%,10-20%,60-70%,20-30%,NA,60-70%,20-30%,10-20%,60-70%
E09000002,Barking and Dagenham,476, 0.39 , 0.10 , 0.52 ,202, 0.39 , -   , 0.52 ,272, 0.38 , 0.11 , 0.51 ,30-40%,0-10%,50-60%,30-40%,NA,50-60%,30-40%,10-20%,50-60%
E09000003,Barnet,505, 0.25 , 0.11 , 0.64 ,215, 0.22 , -   , 0.67 ,288, 0.27 , 0.11 , 0.62 ,20-30%,10-20%,60-70%,20-30%,NA,60-70%,20-30%,10-20%,60-70%
E08000016,Barnsley,491, 0.30 , 0.14 , 0.56 ,226, 0.27 , -   , 0.60 ,263, 0.33 , 0.15 , 0.53 ,20-30%,10-20%,50-60%,20-30%,NA,60-70%,30-40%,10-20%,50-60%
E07000027,Barrow-in-Furness,506, 0.28 , 0.12 , 0.59 ,238, 0.28 , -   , 0.63 ,268, 0.29 , 0.16 , 0.56 ,20-30%,10-20%,50-60%,20-30%,NA,60-70%,20-30%,10-20%,50-60%
E07000066,Basildon,468, 0.27 , 0.12 , 0.60 ,203, 0.33 , -   , 0.61 ,263, 0.22 , 0.18 , 0.60 ,20-30%,10-20%,60-70%,30-40%,NA,60-70%,20-30%,10-20%,50-60%
E07000084,Basingstoke and Deane,492, 0.19 , 0.11 , 0.70 ,229, 0.18 , 0.11 , 0.71 ,262, 0.18 , 0.11 , 0.71 ,10-20%,10-20%,70-80%,10-20%,10-20%,70-80%,10-20%,10-20%,70-80%
E07000171,Bassetlaw,525, 0.26 , 0.10 , 0.64 ,227, 0.25 , -   , 0.68 ,297, 0.26 , 0.13 , 0.61 ,20-30%,10-20%,60-70%,20-30%,NA,60-70%,20-30%,10-20%,60-70%
E06000022,Bath and North East Somerset,534, 0.18 , 0.10 , 0.72 ,232, 0.18 , -   , 0.74 ,301, 0.18 , 0.12 , 0.69 ,10-20%,10-20%,70-80%,10-20%,NA,70-80%,10-20%,10-20%,60-70%
E06000055,Bedford,478, 0.29 , 0.12 , 0.59 ,213, 0.29 , -   , 0.60 ,262, 0.28 , 0.12 , 0.60 ,20-30%,10-20%,50-60%,20-30%,NA,50-60%,20-30%,10-20%,50-60%
E09000004,Bexley,456, 0.25 , 0.11 , 0.65 ,177, 0.26 , -   , 0.66 ,277, 0.24 , 0.13 , 0.64 ,20-30%,10-20%,60-70%,20-30%,NA,60-70%,20-30%,10-20%,60-70%
E08000025,Birmingham,1966, 0.30 , 0.11 , 0.59 ,861, 0.28 , 0.09 , 0.63 ,1090, 0.32 , 0.13 , 0.55 ,30-40%,10-20%,50-60%,20-30%,0-10%,60-70%,30-40%,10-20%,50-60%
E07000129,Blaby,519, 0.22 , 0.13 , 0.65 ,242, 0.16 , -   , 0.72 ,275, 0.28 , 0.15 , 0.57 ,20-30%,10-20%,60-70%,10-20%,NA,70-80%,20-30%,10-20%,50-60%
E06000008,Blackburn with Darwen,441, 0.24 , 0.15 , 0.61 ,213, 0.24 , -   , 0.60 ,227, 0.24 , 0.15 , 0.61 ,20-30%,10-20%,60-70%,20-30%,NA,60-70%,20-30%,10-20%,60-70%
E06000009,Blackpool,450, 0.36 , 0.11 , 0.53 ,202, 0.38 , -   , 0.52 ,248, 0.34 , 0.13 , 0.53 ,30-40%,10-20%,50-60%,30-40%,NA,50-60%,30-40%,10-20%,50-60%
E07000033,Bolsover,509, 0.27 , 0.14 , 0.59 ,206, 0.27 , -   , 0.60 ,299, 0.26 , 0.14 , 0.60 ,20-30%,10-20%,50-60%,20-30%,NA,50-60%,20-30%,10-20%,50-60%
E08000001,Bolton,930, 0.27 , 0.14 , 0.59 ,404, 0.25 , 0.12 , 0.63 ,522, 0.28 , 0.16 , 0.55 ,20-30%,10-20%,50-60%,20-30%,10-20%,60-70%,20-30%,10-20%,50-60%
E07000136,Boston,450, 0.33 , 0.15 , 0.52 ,203, 0.34 , -   , 0.58 ,244, 0.32 , 0.22 , 0.46 ,30-40%,10-20%,50-60%,30-40%,NA,50-60%,30-40%,20-30%,40-50%
E06000036,Bracknell Forest,538, 0.15 , 0.12 , 0.73 ,234, 0.11 , 0.12 , 0.77 ,303, 0.19 , 0.12 , 0.70 ,10-20%,10-20%,70-80%,10-20%,10-20%,70-80%,10-20%,10-20%,60-70%
E08000032,Bradford,957, 0.26 , 0.13 , 0.61 ,415, 0.23 , 0.10 , 0.67 ,537, 0.28 , 0.17 , 0.55 ,20-30%,10-20%,60-70%,20-30%,0-10%,60-70%,20-30%,10-20%,50-60%
E07000067,Braintree,532, 0.22 , 0.17 , 0.61 ,237, 0.21 , 0.16 , 0.63 ,293, 0.21 , 0.19 , 0.61 ,20-30%,10-20%,60-70%,20-30%,10-20%,60-70%,20-30%,10-20%,60-70%
E07000143,Breckland,505, 0.28 , 0.16 , 0.56 ,227, 0.28 , -   , 0.57 ,276, 0.27 , 0.17 , 0.56 ,20-30%,10-20%,50-60%,20-30%,NA,50-60%,20-30%,10-20%,50-60%
E09000005,Brent,519, 0.31 , 0.10 , 0.59 ,232, 0.34 , -   , 0.57 ,286, 0.29 , 0.10 , 0.61 ,30-40%,0-10%,50-60%,30-40%,NA,50-60%,20-30%,0-10%,60-70%
E07000068,Brentwood,511, 0.21 , 0.11 , 0.69 ,218, 0.16 , -   , 0.79 ,292, 0.26 , 0.15 , 0.59 ,20-30%,10-20%,60-70%,10-20%,NA,70-80%,20-30%,10-20%,50-60%
E06000043,Brighton and Hove,474, 0.17 , 0.10 , 0.73 ,203, 0.16 , -   , 0.74 ,271, 0.18 , 0.10 , 0.72 ,10-20%,0-10%,70-80%,10-20%,NA,70-80%,10-20%,0-10%,70-80%
E06000023,"Bristol, City of",1931, 0.19 , 0.12 , 0.70 ,844, 0.17 , 0.11 , 0.71 ,1083, 0.20 , 0.11 , 0.69 ,10-20%,10-20%,60-70%,10-20%,10-20%,70-80%,10-20%,10-20%,60-70%
E07000144,Broadland,496, 0.23 , 0.12 , 0.66 ,212, 0.21 , -   , 0.68 ,283, 0.24 , 0.11 , 0.64 ,20-30%,10-20%,60-70%,20-30%,NA,60-70%,20-30%,10-20%,60-70%
E09000006,Bromley,487, 0.25 , 0.11 , 0.64 ,218, 0.21 , -   , 0.69 ,269, 0.29 , 0.12 , 0.59 ,20-30%,10-20%,60-70%,20-30%,NA,60-70%,20-30%,10-20%,50-60%
E07000234,Bromsgrove,555, 0.24 , 0.14 , 0.62 ,248, 0.21 , 0.13 , 0.66 ,307, 0.27 , 0.15 , 0.58 ,20-30%,10-20%,60-70%,20-30%,10-20%,60-70%,20-30%,10-20%,50-60%
E07000095,Broxbourne,517, 0.26 , 0.10 , 0.63 ,227, 0.26 , -   , 0.64 ,289, 0.27 , -   , 0.63 ,20-30%,10-20%,60-70%,20-30%,NA,60-70%,20-30%,NA,60-70%
E07000172,Broxtowe,534, 0.18 , 0.11 , 0.70 ,248, 0.18 , -   , 0.72 ,286, 0.19 , 0.12 , 0.69 ,10-20%,10-20%,70-80%,10-20%,NA,70-80%,10-20%,10-20%,60-70%
E07000117,Burnley,571, 0.29 , 0.15 , 0.56 ,259, 0.33 , 0.14 , 0.53 ,312, 0.25 , 0.16 , 0.59 ,20-30%,10-20%,50-60%,30-40%,10-20%,50-60%,20-30%,10-20%,50-60%
E08000002,Bury,1010, 0.25 , 0.14 , 0.60 ,455, 0.22 , 0.13 , 0.64 ,551, 0.28 , 0.16 , 0.56 ,20-30%,10-20%,60-70%,20-30%,10-20%,60-70%,20-30%,10-20%,50-60%
E08000033,Calderdale,527, 0.23 , 0.11 , 0.66 ,226, 0.18 , -   , 0.71 ,297, 0.28 , 0.11 , 0.61 ,20-30%,10-20%,60-70%,10-20%,NA,70-80%,20-30%,10-20%,60-70%
E07000008,Cambridge,715, 0.14 , 0.10 , 0.75 ,324, 0.12 , 0.10 , 0.77 ,388, 0.17 , 0.10 , 0.73 ,10-20%,10-20%,70-80%,10-20%,10-20%,70-80%,10-20%,10-20%,70-80%
E09000007,Camden,528, 0.16 , 0.15 , 0.70 ,205, 0.14 , 0.17 , 0.69 ,321, 0.17 , 0.13 , 0.70 ,10-20%,10-20%,60-70%,10-20%,10-20%,60-70%,10-20%,10-20%,70-80%
E07000192,Cannock Chase,524, 0.27 , 0.15 , 0.59 ,219, 0.29 , -   , 0.60 ,303, 0.25 , 0.18 , 0.57 ,20-30%,10-20%,50-60%,20-30%,NA,60-70%,20-30%,10-20%,50-60%
E07000106,Canterbury,468, 0.20 , 0.11 , 0.69 ,208, 0.19 , -   , 0.70 ,260, 0.21 , 0.11 , 0.69 ,10-20%,10-20%,60-70%,10-20%,NA,60-70%,20-30%,10-20%,60-70%
E07000028,Carlisle,461, 0.32 , 0.14 , 0.55 ,196, 0.29 , -   , 0.58 ,261, 0.32 , 0.15 , 0.53 ,30-40%,10-20%,50-60%,20-30%,NA,50-60%,30-40%,10-20%,50-60%
E07000069,Castle Point,477, 0.25 , 0.11 , 0.64 ,204, 0.21 , -   , 0.68 ,272, 0.28 , -   , 0.62 ,20-30%,10-20%,60-70%,20-30%,NA,60-70%,20-30%,NA,60-70%
E06000056,Central Bedfordshire,464, 0.23 , 0.12 , 0.65 ,198, 0.25 , -   , 0.62 ,264, 0.22 , 0.11 , 0.68 ,20-30%,10-20%,60-70%,20-30%,NA,60-70%,20-30%,10-20%,60-70%
E07000130,Charnwood,452, 0.23 , 0.14 , 0.63 ,202, 0.20 , -   , 0.68 ,249, 0.25 , 0.16 , 0.59 ,20-30%,10-20%,60-70%,20-30%,NA,60-70%,20-30%,10-20%,50-60%
E07000070,Chelmsford,472, 0.22 , 0.12 , 0.67 ,216, 0.19 , -   , 0.70 ,256, 0.24 , 0.13 , 0.63 ,20-30%,10-20%,60-70%,10-20%,NA,70-80%,20-30%,10-20%,60-70%
E07000078,Cheltenham,503, 0.21 , 0.12 , 0.67 ,229, 0.19 , 0.12 , 0.69 ,273, 0.23 , 0.11 , 0.66 ,20-30%,10-20%,60-70%,10-20%,10-20%,60-70%,20-30%,10-20%,60-70%
E07000177,Cherwell,445, 0.24 , 0.13 , 0.63 ,186, 0.19 , -   , 0.68 ,257, 0.29 , 0.13 , 0.59 ,20-30%,10-20%,60-70%,10-20%,NA,60-70%,20-30%,10-20%,50-60%
E06000049,Cheshire East,479, 0.25 , 0.10 , 0.65 ,219, 0.22 , -   , 0.69 ,259, 0.29 , -   , 0.61 ,20-30%,0-10%,60-70%,20-30%,NA,60-70%,20-30%,NA,60-70%
E06000050,Cheshire West and Chester,472, 0.20 , 0.12 , 0.67 ,190, 0.16 , -   , 0.74 ,282, 0.23 , 0.14 , 0.63 ,20-30%,10-20%,60-70%,10-20%,NA,70-80%,20-30%,10-20%,60-70%
E07000034,Chesterfield,494, 0.27 , 0.09 , 0.65 ,227, 0.22 , -   , 0.65 ,266, 0.31 , -   , 0.64 ,20-30%,0-10%,60-70%,20-30%,NA,60-70%,30-40%,NA,60-70%
E07000225,Chichester,504, 0.17 , 0.11 , 0.72 ,214, 0.18 , -   , 0.73 ,288, 0.16 , 0.14 , 0.70 ,10-20%,10-20%,70-80%,10-20%,NA,70-80%,10-20%,10-20%,70-80%
E07000005,Chiltern,452, 0.15 , 0.13 , 0.72 ,208, 0.15 , -   , 0.76 ,244, 0.15 , 0.16 , 0.69 ,10-20%,10-20%,70-80%,10-20%,NA,70-80%,10-20%,10-20%,60-70%
E07000118,Chorley,512, 0.21 , 0.11 , 0.68 ,237, 0.21 , -   , 0.70 ,274, 0.22 , 0.12 , 0.66 ,20-30%,10-20%,60-70%,20-30%,NA,70-80%,20-30%,10-20%,60-70%
E09000001,City of London,282, 0.18 , -   , 0.74 ,144, -   , -   , 0.77 ,138, -   , -   , 0.69 ,10-20%,NA,70-80%,NA,NA,70-80%,NA,NA,60-70%
E07000071,Colchester,488, 0.23 , 0.13 , 0.64 ,200, 0.24 , -   , 0.60 ,284, 0.19 , -   , 0.70 ,20-30%,10-20%,60-70%,20-30%,NA,50-60%,10-20%,NA,70-80%
E07000029,Copeland,485, 0.24 , 0.15 , 0.61 ,235, 0.20 , -   , 0.67 ,248, 0.29 , 0.17 , 0.54 ,20-30%,10-20%,60-70%,10-20%,NA,60-70%,20-30%,10-20%,50-60%
E07000150,Corby,513, 0.32 , 0.12 , 0.56 ,218, 0.27 , 0.12 , 0.61 ,293, 0.37 , 0.12 , 0.51 ,30-40%,10-20%,50-60%,20-30%,10-20%,60-70%,30-40%,10-20%,50-60%
E06000052,Cornwall,516, 0.20 , 0.10 , 0.69 ,219, 0.24 , -   , 0.67 ,296, 0.17 , 0.11 , 0.71 ,20-30%,10-20%,60-70%,20-30%,NA,60-70%,10-20%,10-20%,70-80%
E07000079,Cotswold,519, 0.21 , 0.12 , 0.67 ,231, 0.19 , -   , 0.69 ,287, 0.23 , 0.13 , 0.65 ,20-30%,10-20%,60-70%,10-20%,NA,60-70%,20-30%,10-20%,60-70%
E06000047,County Durham,450, 0.28 , 0.10 , 0.61 ,198, 0.26 , -   , 0.68 ,251, 0.31 , 0.15 , 0.55 ,20-30%,10-20%,60-70%,20-30%,NA,60-70%,30-40%,10-20%,50-60%
E08000026,Coventry,555, 0.31 , 0.12 , 0.57 ,254, 0.31 , -   , 0.59 ,299, 0.31 , 0.14 , 0.56 ,30-40%,10-20%,50-60%,30-40%,NA,50-60%,30-40%,10-20%,50-60%
E07000163,Craven,480, 0.20 , 0.10 , 0.70 ,205, 0.15 , -   , 0.73 ,275, 0.23 , -   , 0.68 ,10-20%,10-20%,70-80%,10-20%,NA,70-80%,20-30%,NA,60-70%
E07000226,Crawley,488, 0.24 , 0.12 , 0.65 ,207, 0.19 , 0.10 , 0.71 ,281, 0.28 , 0.13 , 0.60 ,20-30%,10-20%,60-70%,10-20%,10-20%,70-80%,20-30%,10-20%,50-60%
E09000008,Croydon,482, 0.27 , 0.13 , 0.60 ,207, 0.23 , -   , 0.67 ,269, 0.30 , 0.17 , 0.53 ,20-30%,10-20%,50-60%,20-30%,NA,60-70%,20-30%,10-20%,50-60%
E07000096,Dacorum,435, 0.21 , 0.13 , 0.66 ,195, 0.22 , 0.13 , 0.66 ,239, 0.20 , 0.13 , 0.67 ,20-30%,10-20%,60-70%,20-30%,10-20%,60-70%,20-30%,10-20%,60-70%
E06000005,Darlington,425, 0.21 , 0.14 , 0.64 ,194, 0.22 , 0.14 , 0.64 ,231, 0.21 , -   , 0.65 ,20-30%,10-20%,60-70%,20-30%,10-20%,60-70%,20-30%,NA,60-70%
E07000107,Dartford,428, 0.22 , 0.16 , 0.63 ,184, 0.16 , 0.17 , 0.67 ,243, 0.27 , 0.15 , 0.58 ,20-30%,10-20%,60-70%,10-20%,10-20%,60-70%,20-30%,10-20%,50-60%
E07000151,Daventry,442, 0.23 , 0.12 , 0.64 ,198, 0.26 , -   , 0.63 ,242, 0.21 , 0.13 , 0.66 ,20-30%,10-20%,60-70%,20-30%,NA,60-70%,20-30%,10-20%,60-70%
E06000015,Derby,476, 0.23 , 0.13 , 0.65 ,210, 0.18 , -   , 0.66 ,264, 0.27 , -   , 0.64 ,20-30%,10-20%,60-70%,10-20%,NA,60-70%,20-30%,NA,60-70%
E07000035,Derbyshire Dales,525, 0.20 , 0.12 , 0.67 ,239, 0.16 , -   , 0.72 ,285, 0.23 , 0.13 , 0.64 ,20-30%,10-20%,60-70%,10-20%,NA,70-80%,20-30%,10-20%,60-70%
E08000017,Doncaster,1717, 0.30 , 0.13 , 0.57 ,764, 0.29 , 0.11 , 0.60 ,942, 0.31 , 0.15 , 0.54 ,30-40%,10-20%,50-60%,20-30%,10-20%,50-60%,30-40%,10-20%,50-60%
E07000108,Dover,501, 0.24 , 0.12 , 0.64 ,211, 0.19 , -   , 0.64 ,289, 0.29 , -   , 0.65 ,20-30%,10-20%,60-70%,10-20%,NA,60-70%,20-30%,NA,60-70%
E08000027,Dudley,448, 0.32 , 0.12 , 0.57 ,195, 0.32 , -   , 0.58 ,253, 0.31 , 0.13 , 0.56 ,30-40%,10-20%,50-60%,30-40%,NA,50-60%,30-40%,10-20%,50-60%
E09000009,Ealing,522, 0.30 , 0.13 , 0.58 ,226, 0.30 , -   , 0.59 ,291, 0.28 , 0.14 , 0.58 ,20-30%,10-20%,50-60%,30-40%,NA,50-60%,20-30%,10-20%,50-60%
E07000009,East Cambridgeshire,468, 0.24 , 0.15 , 0.61 ,204, 0.23 , 0.14 , 0.63 ,262, 0.24 , 0.16 , 0.59 ,20-30%,10-20%,60-70%,20-30%,10-20%,60-70%,20-30%,10-20%,50-60%
E07000040,East Devon,419, 0.19 , 0.09 , 0.72 ,187, 0.17 , -   , 0.76 ,232, 0.21 , -   , 0.68 ,10-20%,0-10%,70-80%,10-20%,NA,70-80%,20-30%,NA,60-70%
E07000085,East Hampshire,514, 0.21 , 0.13 , 0.67 ,245, 0.20 , 0.13 , 0.67 ,269, 0.21 , 0.12 , 0.66 ,20-30%,10-20%,60-70%,10-20%,10-20%,60-70%,20-30%,10-20%,60-70%
E07000242,East Hertfordshire,450, 0.19 , 0.13 , 0.68 ,191, 0.20 , -   , 0.66 ,258, 0.19 , 0.12 , 0.69 ,10-20%,10-20%,60-70%,10-20%,NA,60-70%,10-20%,10-20%,60-70%
E07000137,East Lindsey,475, 0.34 , 0.15 , 0.51 ,208, 0.35 , -   , 0.51 ,266, 0.32 , 0.16 , 0.52 ,30-40%,10-20%,50-60%,30-40%,NA,50-60%,30-40%,10-20%,50-60%
E07000152,East Northamptonshire,528, 0.22 , 0.15 , 0.63 ,246, 0.26 , 0.13 , 0.61 ,281, 0.18 , 0.17 , 0.65 ,20-30%,10-20%,60-70%,20-30%,10-20%,60-70%,10-20%,10-20%,60-70%
E06000011,East Riding of Yorkshire,449, 0.30 , 0.10 , 0.60 ,214, 0.28 , -   , 0.63 ,234, 0.32 , -   , 0.57 ,30-40%,0-10%,60-70%,20-30%,NA,60-70%,30-40%,NA,50-60%
E07000193,East Staffordshire,496, 0.27 , 0.13 , 0.60 ,202, 0.31 , -   , 0.54 ,292, 0.23 , 0.11 , 0.66 ,20-30%,10-20%,60-70%,30-40%,NA,50-60%,20-30%,10-20%,60-70%
E07000061,Eastbourne,485, 0.27 , 0.10 , 0.64 ,205, 0.23 , -   , 0.70 ,277, 0.30 , 0.11 , 0.58 ,20-30%,0-10%,60-70%,20-30%,NA,60-70%,30-40%,10-20%,50-60%
E07000086,Eastleigh,438, 0.25 , 0.14 , 0.61 ,199, 0.28 , -   , 0.61 ,236, 0.20 , 0.18 , 0.62 ,20-30%,10-20%,60-70%,20-30%,NA,60-70%,20-30%,10-20%,60-70%
E07000030,Eden,546, 0.22 , 0.10 , 0.69 ,241, 0.24 , -   , 0.68 ,305, 0.20 , 0.11 , 0.69 ,20-30%,0-10%,60-70%,20-30%,NA,60-70%,20-30%,10-20%,60-70%
E07000207,Elmbridge,396, 0.15 , 0.12 , 0.72 ,179, 0.13 , -   , 0.74 ,215, 0.17 , -   , 0.72 ,10-20%,10-20%,70-80%,10-20%,NA,70-80%,10-20%,NA,70-80%
E09000010,Enfield,507, 0.25 , 0.11 , 0.64 ,203, 0.19 , -   , 0.69 ,302, 0.29 , 0.11 , 0.60 ,20-30%,10-20%,60-70%,10-20%,NA,60-70%,20-30%,10-20%,60-70%
E07000072,Epping Forest,558, 0.23 , 0.13 , 0.64 ,248, 0.23 , -   , 0.67 ,307, 0.23 , 0.16 , 0.61 ,20-30%,10-20%,60-70%,20-30%,NA,60-70%,20-30%,10-20%,60-70%
E07000208,Epsom and Ewell,568, 0.20 , 0.14 , 0.66 ,242, 0.15 , 0.13 , 0.72 ,325, 0.25 , 0.14 , 0.61 ,20-30%,10-20%,60-70%,10-20%,10-20%,70-80%,20-30%,10-20%,60-70%
E07000036,Erewash,542, 0.27 , 0.14 , 0.59 ,250, 0.29 , -   , 0.62 ,291, 0.26 , 0.19 , 0.55 ,20-30%,10-20%,50-60%,20-30%,NA,60-70%,20-30%,10-20%,50-60%
E07000041,Exeter,507, 0.15 , 0.12 , 0.73 ,219, 0.13 , -   , 0.78 ,287, 0.17 , 0.16 , 0.67 ,10-20%,10-20%,70-80%,10-20%,NA,70-80%,10-20%,10-20%,60-70%
E07000087,Fareham,464, 0.20 , 0.13 , 0.67 ,205, 0.17 , -   , 0.71 ,257, 0.23 , 0.14 , 0.64 ,20-30%,10-20%,60-70%,10-20%,NA,70-80%,20-30%,10-20%,60-70%
E07000010,Fenland,470, 0.34 , 0.13 , 0.53 ,200, 0.33 , -   , 0.60 ,266, 0.35 , 0.19 , 0.47 ,30-40%,10-20%,50-60%,30-40%,NA,50-60%,30-40%,10-20%,40-50%
E07000080,Forest of Dean,527, 0.23 , 0.09 , 0.68 ,241, 0.26 , -   , 0.64 ,284, 0.20 , -   , 0.72 ,20-30%,0-10%,60-70%,20-30%,NA,60-70%,20-30%,NA,70-80%
E07000119,Fylde,521, 0.28 , 0.09 , 0.63 ,245, 0.28 , -   , 0.65 ,274, 0.26 , 0.13 , 0.62 ,20-30%,0-10%,60-70%,20-30%,NA,60-70%,20-30%,10-20%,60-70%
E08000037,Gateshead,390, 0.32 , 0.12 , 0.55 ,176, 0.35 , -   , 0.56 ,214, 0.30 , 0.16 , 0.54 ,30-40%,10-20%,50-60%,30-40%,NA,50-60%,20-30%,10-20%,50-60%
E07000173,Gedling,532, 0.25 , 0.14 , 0.61 ,229, 0.19 , 0.14 , 0.66 ,302, 0.31 , 0.14 , 0.55 ,20-30%,10-20%,60-70%,10-20%,10-20%,60-70%,30-40%,10-20%,50-60%
E07000081,Gloucester,529, 0.29 , 0.11 , 0.60 ,236, 0.28 , -   , 0.59 ,291, 0.28 , 0.09 , 0.62 ,20-30%,10-20%,60-70%,20-30%,NA,50-60%,20-30%,0-10%,60-70%
E07000088,Gosport,491, 0.30 , 0.11 , 0.59 ,210, 0.28 , -   , 0.62 ,280, 0.32 , 0.11 , 0.57 ,30-40%,10-20%,50-60%,20-30%,NA,60-70%,30-40%,10-20%,50-60%
E07000109,Gravesham,461, 0.30 , 0.15 , 0.56 ,205, 0.32 , -   , 0.56 ,255, 0.27 , 0.18 , 0.55 ,20-30%,10-20%,50-60%,30-40%,NA,50-60%,20-30%,10-20%,50-60%
E07000145,Great Yarmouth,452, 0.30 , 0.11 , 0.59 ,200, 0.35 , -   , 0.53 ,250, 0.24 , 0.11 , 0.66 ,20-30%,10-20%,50-60%,30-40%,NA,50-60%,20-30%,10-20%,60-70%
E09000011,Greenwich,438, 0.22 , 0.16 , 0.62 ,179, 0.20 , -   , 0.65 ,258, 0.23 , 0.17 , 0.60 ,20-30%,10-20%,60-70%,10-20%,NA,60-70%,20-30%,10-20%,50-60%
E07000209,Guildford,476, 0.19 , 0.09 , 0.72 ,210, 0.14 , -   , 0.79 ,265, 0.24 , 0.11 , 0.65 ,10-20%,0-10%,70-80%,10-20%,NA,70-80%,20-30%,10-20%,60-70%
E09000012,Hackney,564, 0.22 , 0.09 , 0.69 ,241, 0.25 , -   , 0.67 ,322, 0.19 , -   , 0.71 ,20-30%,0-10%,60-70%,20-30%,NA,60-70%,10-20%,NA,70-80%
E06000006,Halton,482, 0.27 , 0.12 , 0.61 ,187, 0.22 , -   , 0.68 ,293, 0.32 , 0.13 , 0.55 ,20-30%,10-20%,60-70%,20-30%,NA,60-70%,30-40%,10-20%,50-60%
E07000164,Hambleton,519, 0.24 , 0.11 , 0.64 ,236, 0.30 , -   , 0.58 ,282, 0.19 , -   , 0.70 ,20-30%,10-20%,60-70%,30-40%,NA,50-60%,10-20%,NA,60-70%
E09000013,Hammersmith and Fulham,473, 0.21 , 0.10 , 0.69 ,191, 0.19 , -   , 0.73 ,279, 0.23 , -   , 0.67 ,20-30%,0-10%,60-70%,10-20%,NA,70-80%,20-30%,NA,60-70%
E07000131,Harborough,479, 0.23 , 0.13 , 0.65 ,214, 0.25 , -   , 0.63 ,263, 0.20 , 0.13 , 0.67 ,20-30%,10-20%,60-70%,20-30%,NA,60-70%,20-30%,10-20%,60-70%
E09000014,Haringey,465, 0.24 , 0.10 , 0.65 ,204, 0.24 , -   , 0.67 ,260, 0.25 , 0.10 , 0.64 ,20-30%,10-20%,60-70%,20-30%,NA,60-70%,20-30%,10-20%,60-70%
E07000073,Harlow,528, 0.29 , 0.12 , 0.59 ,206, 0.25 , -   , 0.64 ,320, 0.32 , 0.12 , 0.56 ,20-30%,10-20%,50-60%,20-30%,NA,60-70%,30-40%,10-20%,50-60%
E07000165,Harrogate,467, 0.20 , 0.15 , 0.65 ,217, 0.19 , 0.17 , 0.64 ,250, 0.20 , 0.14 , 0.66 ,10-20%,10-20%,60-70%,10-20%,10-20%,60-70%,20-30%,10-20%,60-70%
E09000015,Harrow,475, 0.32 , 0.12 , 0.56 ,236, 0.30 , -   , 0.60 ,237, 0.34 , 0.15 , 0.51 ,30-40%,10-20%,50-60%,30-40%,NA,50-60%,30-40%,10-20%,50-60%
E07000089,Hart,514, 0.19 , 0.11 , 0.70 ,256, 0.19 , -   , 0.72 ,258, 0.19 , 0.13 , 0.68 ,10-20%,10-20%,70-80%,10-20%,NA,70-80%,10-20%,10-20%,60-70%
E06000001,Hartlepool,449, 0.36 , 0.09 , 0.55 ,201, 0.36 , -   , 0.55 ,245, 0.34 , -   , 0.57 ,30-40%,0-10%,50-60%,30-40%,NA,50-60%,30-40%,NA,50-60%
E07000062,Hastings,463, 0.26 , 0.14 , 0.60 ,206, 0.26 , -   , 0.62 ,256, 0.27 , 0.15 , 0.58 ,20-30%,10-20%,60-70%,20-30%,NA,60-70%,20-30%,10-20%,50-60%
E07000090,Havant,454, 0.25 , 0.15 , 0.61 ,213, 0.26 , 0.14 , 0.60 ,238, 0.23 , 0.15 , 0.62 ,20-30%,10-20%,60-70%,20-30%,10-20%,50-60%,20-30%,10-20%,60-70%
E09000016,Havering,505, 0.26 , 0.15 , 0.59 ,224, 0.26 , 0.14 , 0.61 ,278, 0.27 , 0.17 , 0.57 ,20-30%,10-20%,50-60%,20-30%,10-20%,60-70%,20-30%,10-20%,50-60%
E06000019,"Herefordshire, County of",506, 0.25 , 0.12 , 0.63 ,207, 0.20 , -   , 0.68 ,297, 0.28 , 0.12 , 0.59 ,20-30%,10-20%,60-70%,20-30%,NA,60-70%,20-30%,10-20%,50-60%
E07000098,Hertsmere,505, 0.23 , 0.18 , 0.60 ,229, 0.21 , 0.15 , 0.64 ,276, 0.24 , 0.20 , 0.55 ,20-30%,10-20%,50-60%,20-30%,10-20%,60-70%,20-30%,20-30%,50-60%
E07000037,High Peak,491, 0.20 , 0.11 , 0.69 ,212, 0.20 , -   , 0.72 ,277, 0.19 , 0.14 , 0.66 ,10-20%,10-20%,60-70%,20-30%,NA,70-80%,10-20%,10-20%,60-70%
E09000017,Hillingdon,472, 0.27 , 0.17 , 0.56 ,226, 0.29 , 0.14 , 0.56 ,244, 0.24 , 0.21 , 0.55 ,20-30%,10-20%,50-60%,20-30%,10-20%,50-60%,20-30%,20-30%,50-60%
E07000132,Hinckley and Bosworth,513, 0.25 , 0.14 , 0.61 ,221, 0.25 , -   , 0.62 ,290, 0.24 , 0.15 , 0.61 ,20-30%,10-20%,60-70%,20-30%,NA,60-70%,20-30%,10-20%,60-70%
E07000227,Horsham,470, 0.24 , 0.14 , 0.63 ,227, 0.25 , -   , 0.62 ,242, 0.21 , 0.14 , 0.64 ,20-30%,10-20%,60-70%,20-30%,NA,60-70%,20-30%,10-20%,60-70%
E09000018,Hounslow,463, 0.29 , 0.13 , 0.58 ,209, 0.27 , -   , 0.59 ,251, 0.31 , 0.13 , 0.56 ,20-30%,10-20%,50-60%,20-30%,NA,50-60%,30-40%,10-20%,50-60%
E07000011,Huntingdonshire,474, 0.24 , 0.17 , 0.59 ,218, 0.24 , 0.18 , 0.58 ,254, 0.24 , 0.15 , 0.61 ,20-30%,10-20%,50-60%,20-30%,10-20%,50-60%,20-30%,10-20%,60-70%
E07000120,Hyndburn,463, 0.30 , 0.08 , 0.62 ,209, 0.27 , -   , 0.64 ,253, 0.34 , -   , 0.59 ,30-40%,0-10%,60-70%,20-30%,NA,60-70%,30-40%,NA,50-60%
E07000202,Ipswich,531, 0.27 , 0.15 , 0.58 ,234, 0.22 , 0.15 , 0.63 ,296, 0.33 , 0.15 , 0.52 ,20-30%,10-20%,50-60%,20-30%,10-20%,60-70%,30-40%,10-20%,50-60%
E06000046,Isle of Wight,457, 0.26 , 0.10 , 0.64 ,183, 0.31 , -   , 0.63 ,271, 0.22 , 0.13 , 0.65 ,20-30%,0-10%,60-70%,30-40%,NA,60-70%,20-30%,10-20%,60-70%
E06000053,Isles of Scilly,254, 0.21 , -   , 0.71 ,115, -   , -   , 0.75 ,138, -   , -   , 0.68 ,20-30%,NA,70-80%,NA,NA,70-80%,NA,NA,60-70%
E09000019,Islington,508, 0.17 , 0.08 , 0.75 ,235, 0.15 , -   , 0.79 ,267, 0.19 , 0.10 , 0.70 ,10-20%,0-10%,70-80%,10-20%,NA,70-80%,10-20%,10-20%,70-80%
E09000020,Kensington and Chelsea,557, 0.21 , 0.08 , 0.71 ,254, 0.17 , -   , 0.76 ,300, 0.26 , 0.08 , 0.66 ,20-30%,0-10%,70-80%,10-20%,NA,70-80%,20-30%,0-10%,60-70%
E07000153,Kettering,448, 0.26 , 0.12 , 0.61 ,207, 0.25 , -   , 0.66 ,241, 0.28 , 0.15 , 0.56 ,20-30%,10-20%,60-70%,20-30%,NA,60-70%,20-30%,10-20%,50-60%
E07000146,Kings Lynn and West Norfolk,463, 0.29 , 0.14 , 0.57 ,200, 0.27 , 0.16 , 0.57 ,262, 0.31 , 0.13 , 0.56 ,20-30%,10-20%,50-60%,20-30%,10-20%,50-60%,30-40%,10-20%,50-60%
E06000010,"Kingston upon Hull, City of",461, 0.30 , 0.14 , 0.56 ,188, 0.30 , -   , 0.60 ,270, 0.30 , 0.16 , 0.54 ,30-40%,10-20%,50-60%,30-40%,NA,60-70%,30-40%,10-20%,50-60%
E09000021,Kingston upon Thames,502, 0.19 , 0.10 , 0.71 ,217, 0.22 , -   , 0.70 ,285, 0.16 , 0.11 , 0.72 ,10-20%,0-10%,70-80%,20-30%,NA,70-80%,10-20%,10-20%,70-80%
E08000034,Kirklees,495, 0.29 , 0.10 , 0.60 ,204, 0.29 , -   , 0.60 ,286, 0.29 , 0.10 , 0.61 ,20-30%,10-20%,60-70%,20-30%,NA,60-70%,20-30%,0-10%,60-70%
E08000011,Knowsley,466, 0.31 , 0.12 , 0.57 ,197, 0.30 , -   , 0.60 ,268, 0.32 , 0.13 , 0.55 ,30-40%,10-20%,50-60%,30-40%,NA,50-60%,30-40%,10-20%,50-60%
E09000022,Lambeth,516, 0.18 , 0.09 , 0.73 ,223, 0.16 , -   , 0.73 ,290, 0.19 , -   , 0.73 ,10-20%,0-10%,70-80%,10-20%,NA,70-80%,10-20%,NA,70-80%
E07000121,Lancaster,497, 0.20 , 0.13 , 0.66 ,217, 0.22 , -   , 0.64 ,278, 0.18 , 0.13 , 0.69 ,20-30%,10-20%,60-70%,20-30%,NA,60-70%,10-20%,10-20%,60-70%
E08000035,Leeds,1851, 0.22 , 0.11 , 0.67 ,818, 0.20 , 0.11 , 0.69 ,1026, 0.23 , 0.11 , 0.66 ,20-30%,10-20%,60-70%,20-30%,10-20%,60-70%,20-30%,10-20%,60-70%
E06000016,Leicester,435, 0.26 , 0.13 , 0.62 ,202, 0.26 , -   , 0.66 ,233, 0.26 , 0.18 , 0.57 ,20-30%,10-20%,60-70%,20-30%,NA,60-70%,20-30%,10-20%,50-60%
E07000063,Lewes,543, 0.23 , 0.10 , 0.67 ,235, 0.24 , -   , 0.68 ,308, 0.23 , 0.11 , 0.66 ,20-30%,0-10%,60-70%,20-30%,NA,60-70%,20-30%,10-20%,60-70%
E09000023,Lewisham,508, 0.19 , 0.12 , 0.69 ,195, -   , -   , 0.76 ,312, 0.23 , 0.14 , 0.63 ,10-20%,10-20%,60-70%,NA,NA,70-80%,20-30%,10-20%,60-70%
E07000194,Lichfield,489, 0.26 , 0.14 , 0.61 ,229, 0.21 , 0.14 , 0.65 ,259, 0.30 , 0.14 , 0.57 ,20-30%,10-20%,60-70%,20-30%,10-20%,60-70%,20-30%,10-20%,50-60%
E07000138,Lincoln,542, 0.23 , 0.09 , 0.67 ,243, 0.22 , 0.09 , 0.69 ,291, 0.25 , 0.09 , 0.66 ,20-30%,0-10%,60-70%,20-30%,0-10%,60-70%,20-30%,0-10%,60-70%
E08000012,Liverpool,2005, 0.24 , 0.11 , 0.65 ,869, 0.21 , 0.09 , 0.70 ,1130, 0.26 , 0.13 , 0.61 ,20-30%,10-20%,60-70%,20-30%,0-10%,60-70%,20-30%,10-20%,60-70%
E06000032,Luton,487, 0.35 , 0.13 , 0.52 ,222, 0.33 , -   , 0.56 ,260, 0.37 , 0.15 , 0.48 ,30-40%,10-20%,50-60%,30-40%,NA,50-60%,30-40%,10-20%,40-50%
E07000110,Maidstone,521, 0.25 , 0.13 , 0.62 ,215, 0.21 , -   , 0.66 ,303, 0.27 , 0.14 , 0.59 ,20-30%,10-20%,60-70%,20-30%,NA,60-70%,20-30%,10-20%,50-60%
E07000074,Maldon,464, 0.19 , 0.14 , 0.67 ,199, 0.19 , -   , 0.70 ,264, 0.20 , 0.15 , 0.65 ,10-20%,10-20%,60-70%,10-20%,NA,60-70%,10-20%,10-20%,60-70%
E07000235,Malvern Hills,486, 0.26 , 0.11 , 0.63 ,223, 0.25 , -   , 0.68 ,262, 0.26 , 0.15 , 0.59 ,20-30%,10-20%,60-70%,20-30%,NA,60-70%,20-30%,10-20%,50-60%
E08000003,Manchester,2018, 0.25 , 0.11 , 0.64 ,901, 0.24 , 0.09 , 0.67 ,1109, 0.27 , 0.13 , 0.60 ,20-30%,10-20%,60-70%,20-30%,0-10%,60-70%,20-30%,10-20%,60-70%
E07000174,Mansfield,502, 0.26 , 0.13 , 0.60 ,217, 0.25 , -   , 0.65 ,283, 0.27 , 0.16 , 0.57 ,20-30%,10-20%,60-70%,20-30%,NA,60-70%,20-30%,10-20%,50-60%
E06000035,Medway,455, 0.25 , 0.12 , 0.63 ,216, 0.24 , -   , 0.64 ,239, 0.25 , 0.12 , 0.63 ,20-30%,10-20%,60-70%,20-30%,NA,60-70%,20-30%,10-20%,60-70%
E07000133,Melton,524, 0.21 , 0.13 , 0.66 ,247, 0.22 , -   , 0.67 ,275, 0.18 , 0.15 , 0.66 ,20-30%,10-20%,60-70%,20-30%,NA,60-70%,10-20%,10-20%,60-70%
E07000187,Mendip,533, 0.23 , 0.09 , 0.68 ,226, 0.21 , -   , 0.71 ,306, 0.25 , -   , 0.64 ,20-30%,0-10%,60-70%,20-30%,NA,70-80%,20-30%,NA,60-70%
E09000024,Merton,464, 0.24 , 0.09 , 0.67 ,190, 0.28 , -   , 0.66 ,270, 0.20 , -   , 0.69 ,20-30%,0-10%,60-70%,20-30%,NA,60-70%,10-20%,NA,60-70%
E07000042,Mid Devon,520, 0.21 , 0.11 , 0.68 ,212, 0.18 , -   , 0.72 ,305, 0.22 , 0.12 , 0.66 ,20-30%,10-20%,60-70%,10-20%,NA,70-80%,20-30%,10-20%,60-70%
E07000203,Mid Suffolk,476, 0.25 , 0.12 , 0.63 ,207, 0.20 , 0.15 , 0.65 ,268, 0.29 , -   , 0.61 ,20-30%,10-20%,60-70%,20-30%,10-20%,60-70%,20-30%,NA,60-70%
E07000228,Mid Sussex,461, 0.17 , 0.11 , 0.72 ,216, 0.19 , -   , 0.71 ,245, 0.16 , 0.11 , 0.73 ,10-20%,10-20%,70-80%,10-20%,NA,70-80%,10-20%,10-20%,70-80%
E06000002,Middlesbrough,435, 0.32 , 0.12 , 0.55 ,195, 0.28 , -   , 0.62 ,237, 0.37 , 0.14 , 0.49 ,30-40%,10-20%,50-60%,20-30%,NA,60-70%,30-40%,10-20%,40-50%
E06000042,Milton Keynes,483, 0.25 , 0.12 , 0.63 ,215, 0.22 , -   , 0.67 ,266, 0.28 , 0.14 , 0.59 ,20-30%,10-20%,60-70%,20-30%,NA,60-70%,20-30%,10-20%,50-60%
E07000210,Mole Valley,446, 0.21 , 0.10 , 0.69 ,192, 0.20 , -   , 0.71 ,253, 0.21 , -   , 0.68 ,20-30%,0-10%,60-70%,20-30%,NA,70-80%,20-30%,NA,60-70%
E07000091,New Forest,473, 0.21 , 0.12 , 0.67 ,209, 0.16 , -   , 0.73 ,264, 0.26 , 0.14 , 0.61 ,20-30%,10-20%,60-70%,10-20%,NA,70-80%,20-30%,10-20%,60-70%
E07000175,Newark and Sherwood,544, 0.28 , 0.12 , 0.60 ,255, 0.29 , 0.11 , 0.60 ,288, 0.27 , 0.12 , 0.61 ,20-30%,10-20%,60-70%,20-30%,10-20%,60-70%,20-30%,10-20%,60-70%
E08000021,Newcastle upon Tyne,1897, 0.25 , 0.11 , 0.65 ,863, 0.22 , 0.10 , 0.68 ,1032, 0.27 , 0.11 , 0.62 ,20-30%,10-20%,60-70%,20-30%,10-20%,60-70%,20-30%,10-20%,60-70%
E07000195,Newcastle-under-Lyme,471, 0.25 , 0.15 , 0.60 ,212, 0.25 , -   , 0.65 ,258, 0.25 , 0.20 , 0.55 ,20-30%,10-20%,60-70%,20-30%,NA,60-70%,20-30%,20-30%,50-60%
E09000025,Newham,492, 0.37 , 0.12 , 0.51 ,216, 0.35 , -   , 0.52 ,273, 0.38 , 0.12 , 0.49 ,30-40%,10-20%,50-60%,30-40%,NA,50-60%,30-40%,10-20%,40-50%
E07000043,North Devon,501, 0.19 , 0.15 , 0.66 ,226, 0.20 , -   , 0.65 ,274, 0.17 , 0.15 , 0.68 ,10-20%,10-20%,60-70%,10-20%,NA,60-70%,10-20%,10-20%,60-70%
E07000038,North East Derbyshire,498, 0.28 , 0.11 , 0.61 ,206, 0.33 , -   , 0.59 ,290, 0.25 , 0.14 , 0.62 ,20-30%,10-20%,60-70%,30-40%,NA,50-60%,20-30%,10-20%,60-70%
E06000012,North East Lincolnshire,493, 0.34 , 0.11 , 0.55 ,219, 0.37 , -   , 0.55 ,274, 0.31 , 0.14 , 0.55 ,30-40%,10-20%,50-60%,30-40%,NA,50-60%,30-40%,10-20%,50-60%
E07000099,North Hertfordshire,419, 0.23 , 0.15 , 0.61 ,191, 0.21 , -   , 0.64 ,227, 0.26 , 0.15 , 0.59 ,20-30%,10-20%,60-70%,20-30%,NA,60-70%,20-30%,10-20%,50-60%
E07000139,North Kesteven,523, 0.26 , 0.11 , 0.63 ,221, 0.22 , -   , 0.65 ,300, 0.29 , 0.09 , 0.62 ,20-30%,10-20%,60-70%,20-30%,NA,60-70%,20-30%,0-10%,60-70%
E06000013,North Lincolnshire,460, 0.28 , 0.13 , 0.59 ,200, 0.29 , -   , 0.61 ,259, 0.27 , 0.16 , 0.57 ,20-30%,10-20%,50-60%,20-30%,NA,60-70%,20-30%,10-20%,50-60%
E07000147,North Norfolk,524, 0.23 , 0.12 , 0.65 ,228, 0.23 , -   , 0.67 ,295, 0.24 , 0.14 , 0.62 ,20-30%,10-20%,60-70%,20-30%,NA,60-70%,20-30%,10-20%,60-70%
E06000024,North Somerset,479, 0.24 , 0.13 , 0.63 ,205, 0.25 , -   , 0.63 ,271, 0.23 , 0.14 , 0.64 ,20-30%,10-20%,60-70%,20-30%,NA,60-70%,20-30%,10-20%,60-70%
E08000022,North Tyneside,479, 0.31 , 0.11 , 0.58 ,221, 0.31 , -   , 0.60 ,257, 0.31 , 0.14 , 0.56 ,30-40%,10-20%,50-60%,30-40%,NA,60-70%,30-40%,10-20%,50-60%
E07000218,North Warwickshire,495, 0.30 , 0.10 , 0.60 ,207, 0.25 , -   , 0.66 ,287, 0.34 , 0.11 , 0.55 ,20-30%,10-20%,60-70%,20-30%,NA,60-70%,30-40%,10-20%,50-60%
E07000134,North West Leicestershire,472, 0.25 , 0.13 , 0.62 ,206, 0.19 , -   , 0.67 ,265, 0.30 , 0.13 , 0.57 ,20-30%,10-20%,60-70%,10-20%,NA,60-70%,30-40%,10-20%,50-60%
E07000154,Northampton,515, 0.27 , 0.16 , 0.57 ,232, 0.28 , 0.11 , 0.61 ,280, 0.25 , 0.21 , 0.54 ,20-30%,10-20%,50-60%,20-30%,10-20%,60-70%,20-30%,20-30%,50-60%
E06000057,Northumberland,513, 0.21 , 0.11 , 0.68 ,225, 0.18 , -   , 0.72 ,287, 0.23 , 0.12 , 0.65 ,20-30%,10-20%,60-70%,10-20%,NA,70-80%,20-30%,10-20%,60-70%
E07000148,Norwich,679, 0.18 , 0.17 , 0.65 ,313, 0.18 , 0.18 , 0.64 ,365, 0.17 , 0.16 , 0.67 ,10-20%,10-20%,60-70%,10-20%,10-20%,60-70%,10-20%,10-20%,60-70%
E06000018,Nottingham,1953, 0.25 , 0.12 , 0.63 ,860, 0.23 , 0.09 , 0.67 ,1086, 0.26 , 0.14 , 0.59 ,20-30%,10-20%,60-70%,20-30%,0-10%,60-70%,20-30%,10-20%,50-60%
E07000219,Nuneaton and Bedworth,484, 0.29 , 0.16 , 0.55 ,204, 0.27 , -   , 0.60 ,278, 0.31 , 0.19 , 0.50 ,20-30%,10-20%,50-60%,20-30%,NA,60-70%,30-40%,10-20%,50-60%
E07000135,Oadby and Wigston,467, 0.30 , 0.11 , 0.59 ,225, 0.28 , -   , 0.64 ,242, 0.32 , 0.15 , 0.54 ,20-30%,10-20%,50-60%,20-30%,NA,60-70%,30-40%,10-20%,50-60%
E08000004,Oldham,951, 0.32 , 0.12 , 0.56 ,398, 0.30 , 0.11 , 0.58 ,551, 0.34 , 0.12 , 0.54 ,30-40%,10-20%,50-60%,30-40%,10-20%,50-60%,30-40%,10-20%,50-60%
E07000178,Oxford,721, 0.15 , 0.12 , 0.72 ,298, 0.14 , 0.12 , 0.74 ,420, 0.16 , 0.12 , 0.71 ,10-20%,10-20%,70-80%,10-20%,10-20%,70-80%,10-20%,10-20%,70-80%
E07000122,Pendle,469, 0.33 , 0.11 , 0.56 ,217, 0.36 , -   , 0.55 ,251, 0.31 , 0.13 , 0.56 ,30-40%,10-20%,50-60%,30-40%,NA,50-60%,30-40%,10-20%,50-60%
E06000031,Peterborough,495, 0.26 , 0.09 , 0.65 ,204, 0.22 , -   , 0.68 ,289, 0.30 , -   , 0.62 ,20-30%,0-10%,60-70%,20-30%,NA,60-70%,20-30%,NA,60-70%
E06000026,Plymouth,514, 0.24 , 0.14 , 0.62 ,213, 0.24 , 0.19 , 0.57 ,300, 0.24 , 0.10 , 0.67 ,20-30%,10-20%,60-70%,20-30%,10-20%,50-60%,20-30%,0-10%,60-70%
E06000044,Portsmouth,536, 0.21 , 0.11 , 0.68 ,211, 0.16 , -   , 0.75 ,324, 0.24 , 0.13 , 0.63 ,20-30%,10-20%,60-70%,10-20%,NA,70-80%,20-30%,10-20%,60-70%
E07000123,Preston,531, 0.28 , 0.13 , 0.59 ,225, 0.30 , -   , 0.59 ,306, 0.25 , 0.15 , 0.60 ,20-30%,10-20%,50-60%,30-40%,NA,50-60%,20-30%,10-20%,50-60%
E06000038,Reading,513, 0.22 , 0.10 , 0.68 ,234, 0.18 , -   , 0.70 ,279, 0.26 , 0.08 , 0.66 ,20-30%,10-20%,60-70%,10-20%,NA,60-70%,20-30%,0-10%,60-70%
E09000026,Redbridge,389, 0.29 , 0.14 , 0.58 ,171, 0.23 , -   , 0.66 ,216, 0.34 , 0.16 , 0.51 ,20-30%,10-20%,50-60%,20-30%,NA,60-70%,30-40%,10-20%,50-60%
E06000003,Redcar and Cleveland,485, 0.26 , 0.10 , 0.64 ,207, 0.21 , -   , 0.68 ,278, 0.30 , 0.10 , 0.60 ,20-30%,10-20%,60-70%,20-30%,NA,60-70%,20-30%,10-20%,60-70%
E07000236,Redditch,543, 0.27 , 0.13 , 0.60 ,226, 0.26 , -   , 0.60 ,317, 0.28 , 0.13 , 0.59 ,20-30%,10-20%,50-60%,20-30%,NA,60-70%,20-30%,10-20%,50-60%
E07000211,Reigate and Banstead,458, 0.20 , 0.11 , 0.70 ,211, 0.18 , -   , 0.72 ,246, 0.22 , -   , 0.68 ,10-20%,10-20%,60-70%,10-20%,NA,70-80%,20-30%,NA,60-70%
E07000124,Ribble Valley,446, 0.23 , 0.11 , 0.66 ,195, 0.18 , -   , 0.71 ,248, 0.26 , -   , 0.63 ,20-30%,10-20%,60-70%,10-20%,NA,70-80%,20-30%,NA,60-70%
E09000027,Richmond upon Thames,535, 0.16 , 0.11 , 0.74 ,247, 0.13 , -   , 0.78 ,286, 0.18 , 0.13 , 0.70 ,10-20%,10-20%,70-80%,10-20%,NA,70-80%,10-20%,10-20%,60-70%
E07000166,Richmondshire,455, 0.17 , 0.10 , 0.73 ,198, 0.15 , -   , 0.77 ,255, 0.19 , -   , 0.69 ,10-20%,10-20%,70-80%,10-20%,NA,70-80%,10-20%,NA,60-70%
E08000005,Rochdale,903, 0.33 , 0.10 , 0.57 ,394, 0.31 , 0.09 , 0.60 ,505, 0.35 , 0.11 , 0.54 ,30-40%,10-20%,50-60%,30-40%,0-10%,60-70%,30-40%,10-20%,50-60%
E07000075,Rochford,491, 0.22 , 0.13 , 0.66 ,214, 0.23 , -   , 0.65 ,274, 0.20 , 0.14 , 0.66 ,20-30%,10-20%,60-70%,20-30%,NA,60-70%,20-30%,10-20%,60-70%
E07000125,Rossendale,505, 0.27 , 0.10 , 0.63 ,227, 0.27 , -   , 0.64 ,276, 0.28 , 0.10 , 0.61 ,20-30%,0-10%,60-70%,20-30%,NA,60-70%,20-30%,10-20%,60-70%
E07000064,Rother,482, 0.28 , 0.16 , 0.56 ,213, 0.25 , -   , 0.59 ,269, 0.31 , 0.15 , 0.54 ,20-30%,10-20%,50-60%,20-30%,NA,50-60%,30-40%,10-20%,50-60%
E08000018,Rotherham,495, 0.36 , 0.12 , 0.51 ,210, 0.34 , -   , 0.57 ,284, 0.38 , 0.14 , 0.47 ,30-40%,10-20%,50-60%,30-40%,NA,50-60%,30-40%,10-20%,40-50%
E07000220,Rugby,528, 0.28 , 0.14 , 0.58 ,238, 0.27 , -   , 0.64 ,290, 0.30 , 0.18 , 0.52 ,20-30%,10-20%,50-60%,20-30%,NA,60-70%,20-30%,10-20%,50-60%
E07000212,Runnymede,496, 0.22 , 0.11 , 0.67 ,216, 0.22 , -   , 0.71 ,277, 0.21 , 0.14 , 0.65 ,20-30%,10-20%,60-70%,20-30%,NA,70-80%,20-30%,10-20%,60-70%
E07000176,Rushcliffe,526, 0.22 , 0.12 , 0.66 ,240, 0.24 , -   , 0.69 ,285, 0.20 , 0.16 , 0.64 ,20-30%,10-20%,60-70%,20-30%,NA,60-70%,10-20%,10-20%,60-70%
E07000092,Rushmoor,539, 0.29 , 0.12 , 0.59 ,230, 0.24 , -   , 0.67 ,309, 0.33 , 0.16 , 0.51 ,20-30%,10-20%,50-60%,20-30%,NA,60-70%,30-40%,10-20%,50-60%
E06000017,Rutland,496, 0.21 , 0.14 , 0.65 ,218, 0.19 , -   , 0.69 ,275, 0.23 , 0.16 , 0.61 ,20-30%,10-20%,60-70%,10-20%,NA,60-70%,20-30%,10-20%,60-70%
E07000167,Ryedale,489, 0.26 , 0.14 , 0.60 ,224, 0.22 , -   , 0.67 ,265, 0.30 , 0.17 , 0.53 ,20-30%,10-20%,60-70%,20-30%,NA,60-70%,20-30%,10-20%,50-60%
E08000006,Salford,1023, 0.24 , 0.14 , 0.61 ,479, 0.21 , 0.14 , 0.65 ,538, 0.28 , 0.15 , 0.58 ,20-30%,10-20%,60-70%,20-30%,10-20%,60-70%,20-30%,10-20%,50-60%
E08000028,Sandwell,452, 0.34 , 0.15 , 0.51 ,187, 0.30 , -   , 0.55 ,265, 0.37 , 0.15 , 0.48 ,30-40%,10-20%,50-60%,20-30%,NA,50-60%,30-40%,10-20%,40-50%
E07000168,Scarborough,481, 0.25 , 0.11 , 0.64 ,221, 0.19 , -   , 0.67 ,258, 0.31 , 0.09 , 0.60 ,20-30%,10-20%,60-70%,10-20%,NA,60-70%,30-40%,0-10%,60-70%
E07000188,Sedgemoor,519, 0.27 , 0.13 , 0.61 ,222, 0.25 , -   , 0.66 ,294, 0.29 , 0.15 , 0.56 ,20-30%,10-20%,60-70%,20-30%,NA,60-70%,20-30%,10-20%,50-60%
E08000014,Sefton,559, 0.25 , 0.13 , 0.62 ,251, 0.24 , -   , 0.66 ,307, 0.25 , 0.17 , 0.58 ,20-30%,10-20%,60-70%,20-30%,NA,60-70%,20-30%,10-20%,50-60%
E07000169,Selby,513, 0.29 , 0.08 , 0.63 ,234, 0.28 , -   , 0.66 ,278, 0.31 , 0.09 , 0.61 ,20-30%,0-10%,60-70%,20-30%,NA,60-70%,30-40%,0-10%,60-70%
E07000111,Sevenoaks,567, 0.21 , 0.12 , 0.67 ,256, 0.21 , 0.13 , 0.66 ,309, 0.21 , 0.11 , 0.68 ,20-30%,10-20%,60-70%,20-30%,10-20%,60-70%,20-30%,10-20%,60-70%
E08000019,Sheffield,2047, 0.24 , 0.11 , 0.65 ,885, 0.23 , 0.07 , 0.69 ,1153, 0.24 , 0.14 , 0.62 ,20-30%,10-20%,60-70%,20-30%,0-10%,60-70%,20-30%,10-20%,60-70%
E07000112,Folkestone and Hythe,495, 0.24 , 0.11 , 0.64 ,223, 0.23 , 0.11 , 0.66 ,272, 0.26 , 0.12 , 0.62 ,20-30%,10-20%,60-70%,20-30%,10-20%,60-70%,20-30%,10-20%,60-70%
E06000051,Shropshire,556, 0.24 , 0.16 , 0.60 ,250, 0.23 , 0.14 , 0.63 ,306, 0.25 , 0.18 , 0.57 ,20-30%,10-20%,60-70%,20-30%,10-20%,60-70%,20-30%,10-20%,50-60%
E06000039,Slough,463, 0.33 , 0.12 , 0.55 ,207, 0.32 , -   , 0.57 ,255, 0.33 , 0.14 , 0.54 ,30-40%,10-20%,50-60%,30-40%,NA,50-60%,30-40%,10-20%,50-60%
E08000029,Solihull,412, 0.29 , 0.10 , 0.61 ,186, 0.28 , -   , 0.61 ,226, 0.29 , -   , 0.61 ,20-30%,10-20%,60-70%,20-30%,NA,60-70%,20-30%,NA,60-70%
E07000006,South Bucks,450, 0.20 , 0.14 , 0.66 ,203, 0.17 , -   , 0.71 ,245, 0.23 , 0.15 , 0.61 ,20-30%,10-20%,60-70%,10-20%,NA,70-80%,20-30%,10-20%,60-70%
E07000012,South Cambridgeshire,503, 0.19 , 0.12 , 0.69 ,219, 0.20 , 0.15 , 0.65 ,282, 0.19 , -   , 0.73 ,10-20%,10-20%,60-70%,20-30%,10-20%,60-70%,10-20%,NA,70-80%
E07000039,South Derbyshire,522, 0.27 , 0.14 , 0.60 ,250, 0.30 , -   , 0.57 ,270, 0.22 , 0.15 , 0.63 ,20-30%,10-20%,50-60%,30-40%,NA,50-60%,20-30%,10-20%,60-70%
E06000025,South Gloucestershire,516, 0.21 , 0.13 , 0.65 ,231, 0.23 , -   , 0.66 ,284, 0.19 , 0.16 , 0.65 ,20-30%,10-20%,60-70%,20-30%,NA,60-70%,10-20%,10-20%,60-70%
E07000044,South Hams,552, 0.16 , 0.11 , 0.73 ,238, 0.15 , -   , 0.81 ,314, 0.18 , 0.17 , 0.65 ,10-20%,10-20%,70-80%,10-20%,NA,80-90%,10-20%,10-20%,60-70%
E07000140,South Holland,463, 0.34 , 0.13 , 0.53 ,197, 0.36 , -   , 0.55 ,264, 0.32 , 0.17 , 0.51 ,30-40%,10-20%,50-60%,30-40%,NA,50-60%,30-40%,10-20%,50-60%
E07000141,South Kesteven,442, 0.27 , 0.12 , 0.61 ,200, 0.26 , -   , 0.61 ,242, 0.28 , -   , 0.61 ,20-30%,10-20%,60-70%,20-30%,NA,60-70%,20-30%,NA,60-70%
E07000031,South Lakeland,501, 0.21 , 0.09 , 0.70 ,222, 0.19 , -   , 0.73 ,275, 0.23 , 0.11 , 0.66 ,20-30%,0-10%,60-70%,10-20%,NA,70-80%,20-30%,10-20%,60-70%
E07000149,South Norfolk,465, 0.24 , 0.13 , 0.64 ,215, 0.20 , -   , 0.68 ,250, 0.28 , 0.14 , 0.58 ,20-30%,10-20%,60-70%,10-20%,NA,60-70%,20-30%,10-20%,50-60%
E07000155,South Northamptonshire,476, 0.27 , 0.10 , 0.63 ,208, 0.31 , -   , 0.62 ,265, 0.23 , 0.13 , 0.65 ,20-30%,10-20%,60-70%,30-40%,NA,60-70%,20-30%,10-20%,60-70%
E07000179,South Oxfordshire,520, 0.19 , 0.12 , 0.68 ,240, 0.15 , 0.12 , 0.73 ,279, 0.24 , -   , 0.64 ,10-20%,10-20%,60-70%,10-20%,10-20%,70-80%,20-30%,NA,60-70%
E07000126,South Ribble,503, 0.27 , 0.14 , 0.59 ,235, 0.24 , -   , 0.64 ,268, 0.30 , 0.16 , 0.54 ,20-30%,10-20%,50-60%,20-30%,NA,60-70%,30-40%,10-20%,50-60%
E07000189,South Somerset,475, 0.24 , 0.13 , 0.62 ,205, 0.25 , -   , 0.63 ,270, 0.24 , 0.14 , 0.62 ,20-30%,10-20%,60-70%,20-30%,NA,60-70%,20-30%,10-20%,60-70%
E07000196,South Staffordshire,614, 0.26 , 0.13 , 0.60 ,275, 0.24 , 0.14 , 0.62 ,338, 0.29 , 0.12 , 0.59 ,20-30%,10-20%,60-70%,20-30%,10-20%,60-70%,20-30%,10-20%,50-60%
E08000023,South Tyneside,452, 0.29 , 0.10 , 0.61 ,195, 0.24 , -   , 0.68 ,257, 0.34 , -   , 0.55 ,20-30%,10-20%,60-70%,20-30%,NA,60-70%,30-40%,NA,50-60%
E06000045,Southampton,450, 0.23 , 0.15 , 0.63 ,205, 0.22 , -   , 0.65 ,240, 0.22 , 0.16 , 0.62 ,20-30%,10-20%,60-70%,20-30%,NA,60-70%,20-30%,10-20%,60-70%
E06000033,Southend-on-Sea,557, 0.31 , 0.13 , 0.56 ,249, 0.28 , -   , 0.60 ,306, 0.34 , 0.13 , 0.54 ,30-40%,10-20%,50-60%,20-30%,NA,50-60%,30-40%,10-20%,50-60%
E09000028,Southwark,554, 0.20 , 0.09 , 0.71 ,246, 0.19 , -   , 0.76 ,306, 0.20 , 0.13 , 0.67 ,10-20%,0-10%,70-80%,10-20%,NA,70-80%,20-30%,10-20%,60-70%
E07000213,Spelthorne,475, 0.27 , 0.12 , 0.61 ,225, 0.26 , 0.16 , 0.58 ,248, 0.26 , -   , 0.67 ,20-30%,10-20%,60-70%,20-30%,10-20%,50-60%,20-30%,NA,60-70%
E07000240,St Albans,480, 0.22 , 0.11 , 0.67 ,210, 0.19 , -   , 0.73 ,269, 0.25 , 0.14 , 0.60 ,20-30%,10-20%,60-70%,10-20%,NA,70-80%,20-30%,10-20%,60-70%
E08000013,St. Helens,526, 0.24 , 0.13 , 0.63 ,249, 0.23 , 0.10 , 0.67 ,277, 0.24 , 0.15 , 0.60 ,20-30%,10-20%,60-70%,20-30%,0-10%,60-70%,20-30%,10-20%,60-70%
E07000197,Stafford,540, 0.26 , 0.14 , 0.60 ,237, 0.22 , 0.13 , 0.65 ,299, 0.28 , 0.15 , 0.57 ,20-30%,10-20%,60-70%,20-30%,10-20%,60-70%,20-30%,10-20%,50-60%
E07000198,Staffordshire Moorlands,503, 0.28 , 0.12 , 0.60 ,221, 0.27 , 0.12 , 0.61 ,279, 0.28 , 0.13 , 0.59 ,20-30%,10-20%,60-70%,20-30%,10-20%,60-70%,20-30%,10-20%,50-60%
E07000243,Stevenage,453, 0.26 , 0.11 , 0.63 ,201, 0.29 , -   , 0.66 ,249, 0.23 , 0.16 , 0.60 ,20-30%,10-20%,60-70%,20-30%,NA,60-70%,20-30%,10-20%,60-70%
E08000007,Stockport,984, 0.23 , 0.10 , 0.67 ,434, 0.23 , 0.09 , 0.69 ,548, 0.22 , 0.12 , 0.66 ,20-30%,10-20%,60-70%,20-30%,0-10%,60-70%,20-30%,10-20%,60-70%
E06000004,Stockton-on-Tees,478, 0.32 , 0.12 , 0.56 ,214, 0.31 , -   , 0.55 ,264, 0.34 , -   , 0.56 ,30-40%,10-20%,50-60%,30-40%,NA,50-60%,30-40%,NA,50-60%
E06000021,Stoke-on-Trent,517, 0.34 , 0.13 , 0.53 ,250, 0.38 , -   , 0.51 ,265, 0.28 , 0.16 , 0.56 ,30-40%,10-20%,50-60%,30-40%,NA,50-60%,20-30%,10-20%,50-60%
E07000221,Stratford-on-Avon,524, 0.23 , 0.11 , 0.67 ,238, 0.22 , -   , 0.69 ,285, 0.24 , 0.11 , 0.65 ,20-30%,10-20%,60-70%,20-30%,NA,60-70%,20-30%,10-20%,60-70%
E07000082,Stroud,499, 0.16 , 0.10 , 0.74 ,238, 0.16 , -   , 0.75 ,260, 0.17 , -   , 0.72 ,10-20%,10-20%,70-80%,10-20%,NA,70-80%,10-20%,NA,70-80%
E08000024,Sunderland,479, 0.29 , 0.15 , 0.55 ,229, 0.31 , 0.17 , 0.52 ,250, 0.28 , 0.13 , 0.59 ,20-30%,10-20%,50-60%,30-40%,10-20%,50-60%,20-30%,10-20%,50-60%
E07000214,Surrey Heath,464, 0.21 , 0.13 , 0.66 ,211, 0.18 , 0.15 , 0.67 ,253, 0.24 , 0.12 , 0.65 ,20-30%,10-20%,60-70%,10-20%,10-20%,60-70%,20-30%,10-20%,60-70%
E09000029,Sutton,482, 0.28 , 0.15 , 0.56 ,200, 0.31 , -   , 0.57 ,280, 0.25 , 0.19 , 0.56 ,20-30%,10-20%,50-60%,30-40%,NA,50-60%,20-30%,10-20%,50-60%
E07000113,Swale,525, 0.28 , 0.11 , 0.61 ,226, 0.25 , 0.12 , 0.63 ,299, 0.31 , 0.10 , 0.59 ,20-30%,10-20%,60-70%,20-30%,10-20%,60-70%,30-40%,0-10%,50-60%
E06000030,Swindon,552, 0.22 , 0.13 , 0.65 ,249, 0.22 , 0.14 , 0.64 ,301, 0.23 , 0.12 , 0.66 ,20-30%,10-20%,60-70%,20-30%,10-20%,60-70%,20-30%,10-20%,60-70%
E08000008,Tameside,907, 0.26 , 0.12 , 0.61 ,417, 0.24 , 0.11 , 0.65 ,486, 0.29 , 0.14 , 0.57 ,20-30%,10-20%,60-70%,20-30%,10-20%,60-70%,20-30%,10-20%,50-60%
E07000199,Tamworth,492, 0.29 , 0.12 , 0.59 ,216, 0.27 , -   , 0.62 ,276, 0.31 , 0.12 , 0.56 ,20-30%,10-20%,50-60%,20-30%,NA,60-70%,30-40%,10-20%,50-60%
E07000215,Tandridge,440, 0.21 , 0.12 , 0.67 ,201, 0.20 , -   , 0.71 ,238, 0.22 , 0.16 , 0.62 ,20-30%,10-20%,60-70%,20-30%,NA,70-80%,20-30%,10-20%,60-70%
E07000045,Teignbridge,522, 0.22 , 0.12 , 0.65 ,222, 0.21 , -   , 0.66 ,299, 0.24 , 0.12 , 0.64 ,20-30%,10-20%,60-70%,20-30%,NA,60-70%,20-30%,10-20%,60-70%
E06000020,Telford and Wrekin,467, 0.23 , 0.10 , 0.66 ,209, 0.23 , -   , 0.66 ,257, 0.24 , -   , 0.67 ,20-30%,10-20%,60-70%,20-30%,NA,60-70%,20-30%,NA,60-70%
E07000076,Tendring,496, 0.30 , 0.16 , 0.54 ,213, 0.32 , 0.14 , 0.54 ,283, 0.29 , 0.17 , 0.53 ,30-40%,10-20%,50-60%,30-40%,10-20%,50-60%,20-30%,10-20%,50-60%
E07000093,Test Valley,508, 0.20 , 0.12 , 0.68 ,224, 0.19 , -   , 0.71 ,282, 0.22 , 0.13 , 0.65 ,20-30%,10-20%,60-70%,10-20%,NA,70-80%,20-30%,10-20%,60-70%
E07000083,Tewkesbury,495, 0.24 , 0.14 , 0.62 ,221, 0.21 , -   , 0.66 ,271, 0.25 , 0.16 , 0.59 ,20-30%,10-20%,60-70%,20-30%,NA,60-70%,20-30%,10-20%,50-60%
E07000114,Thanet,525, 0.29 , 0.13 , 0.58 ,226, 0.28 , -   , 0.63 ,298, 0.31 , 0.15 , 0.54 ,20-30%,10-20%,50-60%,20-30%,NA,60-70%,30-40%,10-20%,50-60%
E07000102,Three Rivers,519, 0.19 , 0.14 , 0.67 ,241, 0.17 , 0.11 , 0.72 ,276, 0.21 , 0.17 , 0.62 ,10-20%,10-20%,60-70%,10-20%,10-20%,70-80%,20-30%,10-20%,60-70%
E06000034,Thurrock,523, 0.31 , 0.13 , 0.56 ,234, 0.29 , 0.12 , 0.60 ,288, 0.32 , 0.15 , 0.53 ,30-40%,10-20%,50-60%,20-30%,10-20%,50-60%,30-40%,10-20%,50-60%
E07000115,Tonbridge and Malling,511, 0.20 , 0.11 , 0.70 ,222, 0.14 , -   , 0.76 ,287, 0.25 , 0.12 , 0.63 ,10-20%,10-20%,60-70%,10-20%,NA,70-80%,20-30%,10-20%,60-70%
E06000027,Torbay,482, 0.26 , 0.13 , 0.61 ,206, 0.22 , -   , 0.67 ,274, 0.28 , 0.15 , 0.58 ,20-30%,10-20%,60-70%,20-30%,NA,60-70%,20-30%,10-20%,50-60%
E07000046,Torridge,411, 0.23 , 0.07 , 0.70 ,169, 0.24 , -   , 0.71 ,240, 0.21 , -   , 0.69 ,20-30%,0-10%,70-80%,20-30%,NA,70-80%,20-30%,NA,60-70%
E09000030,Tower Hamlets,483, 0.20 , 0.11 , 0.69 ,217, 0.14 , -   , 0.75 ,261, 0.28 , -   , 0.62 ,20-30%,10-20%,60-70%,10-20%,NA,70-80%,20-30%,NA,60-70%
E08000009,Trafford,1080, 0.23 , 0.11 , 0.66 ,484, 0.22 , 0.10 , 0.67 ,594, 0.24 , 0.12 , 0.64 ,20-30%,10-20%,60-70%,20-30%,10-20%,60-70%,20-30%,10-20%,60-70%
E07000116,Tunbridge Wells,440, 0.18 , 0.13 , 0.70 ,183, -   , -   , 0.71 ,255, 0.19 , 0.12 , 0.69 ,10-20%,10-20%,60-70%,NA,NA,70-80%,10-20%,10-20%,60-70%
E07000077,Uttlesford,492, 0.20 , 0.11 , 0.69 ,220, 0.19 , -   , 0.69 ,272, 0.22 , -   , 0.69 ,20-30%,10-20%,60-70%,10-20%,NA,60-70%,20-30%,NA,60-70%
E07000180,Vale of White Horse,559, 0.18 , 0.16 , 0.66 ,252, 0.15 , 0.15 , 0.70 ,306, 0.20 , 0.17 , 0.63 ,10-20%,10-20%,60-70%,10-20%,10-20%,70-80%,20-30%,10-20%,60-70%
E08000036,Wakefield,501, 0.30 , 0.07 , 0.63 ,224, 0.29 , -   , 0.63 ,276, 0.30 , -   , 0.63 ,20-30%,0-10%,60-70%,20-30%,NA,60-70%,20-30%,NA,60-70%
E08000030,Walsall,498, 0.31 , 0.11 , 0.58 ,226, 0.29 , -   , 0.62 ,270, 0.33 , 0.13 , 0.54 ,30-40%,10-20%,50-60%,20-30%,NA,60-70%,30-40%,10-20%,50-60%
E09000031,Waltham Forest,439, 0.24 , 0.12 , 0.64 ,180, 0.21 , -   , 0.68 ,258, 0.26 , 0.14 , 0.60 ,20-30%,10-20%,60-70%,20-30%,NA,60-70%,20-30%,10-20%,60-70%
E09000032,Wandsworth,467, 0.14 , 0.07 , 0.79 ,191, 0.14 , -   , 0.82 ,276, 0.13 , -   , 0.77 ,10-20%,0-10%,70-80%,10-20%,NA,80-90%,10-20%,NA,70-80%
E06000007,Warrington,521, 0.22 , 0.16 , 0.62 ,230, 0.21 , -   , 0.63 ,290, 0.23 , 0.17 , 0.60 ,20-30%,10-20%,60-70%,20-30%,NA,60-70%,20-30%,10-20%,50-60%
E07000222,Warwick,467, 0.19 , 0.10 , 0.71 ,205, 0.15 , -   , 0.77 ,262, 0.22 , 0.13 , 0.66 ,10-20%,10-20%,70-80%,10-20%,NA,70-80%,20-30%,10-20%,60-70%
E07000103,Watford,407, 0.27 , 0.16 , 0.57 ,177, 0.24 , -   , 0.58 ,229, 0.31 , 0.13 , 0.56 ,20-30%,10-20%,50-60%,20-30%,NA,50-60%,30-40%,10-20%,50-60%
E07000216,Waverley,475, 0.14 , 0.12 , 0.74 ,221, 0.13 , -   , 0.77 ,254, 0.16 , 0.13 , 0.71 ,10-20%,10-20%,70-80%,10-20%,NA,70-80%,10-20%,10-20%,70-80%
E07000065,Wealden,454, 0.25 , 0.13 , 0.63 ,187, 0.24 , -   , 0.64 ,265, 0.24 , 0.14 , 0.62 ,20-30%,10-20%,60-70%,20-30%,NA,60-70%,20-30%,10-20%,60-70%
E07000156,Wellingborough,496, 0.28 , 0.11 , 0.61 ,230, 0.26 , -   , 0.65 ,263, 0.30 , 0.14 , 0.57 ,20-30%,10-20%,60-70%,20-30%,NA,60-70%,20-30%,10-20%,50-60%
E07000241,Welwyn Hatfield,528, 0.23 , 0.17 , 0.60 ,232, 0.26 , 0.19 , 0.55 ,294, 0.20 , 0.15 , 0.65 ,20-30%,10-20%,60-70%,20-30%,10-20%,50-60%,20-30%,10-20%,60-70%
E06000037,West Berkshire,486, 0.24 , 0.15 , 0.61 ,226, 0.22 , -   , 0.63 ,260, 0.26 , 0.16 , 0.58 ,20-30%,10-20%,60-70%,20-30%,NA,60-70%,20-30%,10-20%,50-60%
E07000047,West Devon,450, 0.21 , 0.11 , 0.68 ,196, 0.26 , -   , 0.65 ,254, 0.16 , -   , 0.71 ,20-30%,10-20%,60-70%,20-30%,NA,60-70%,10-20%,NA,70-80%
E07000127,West Lancashire,538, 0.28 , 0.09 , 0.63 ,245, 0.30 , -   , 0.63 ,292, 0.27 , 0.11 , 0.63 ,20-30%,0-10%,60-70%,20-30%,NA,60-70%,20-30%,10-20%,60-70%
E07000142,West Lindsey,492, 0.33 , 0.11 , 0.56 ,216, 0.31 , -   , 0.58 ,273, 0.35 , 0.11 , 0.54 ,30-40%,10-20%,50-60%,30-40%,NA,50-60%,30-40%,10-20%,50-60%
E07000181,West Oxfordshire,487, 0.27 , 0.09 , 0.64 ,206, 0.26 , -   , 0.67 ,280, 0.27 , 0.11 , 0.61 ,20-30%,0-10%,60-70%,20-30%,NA,60-70%,20-30%,10-20%,60-70%
E09000033,Westminster,530, 0.22 , 0.11 , 0.67 ,261, 0.21 , 0.14 , 0.66 ,269, 0.23 , -   , 0.69 ,20-30%,10-20%,60-70%,20-30%,10-20%,60-70%,20-30%,NA,60-70%
E08000010,Wigan,988, 0.30 , 0.12 , 0.58 ,440, 0.31 , 0.12 , 0.57 ,548, 0.28 , 0.13 , 0.59 ,20-30%,10-20%,50-60%,30-40%,10-20%,50-60%,20-30%,10-20%,50-60%
E06000054,Wiltshire,505, 0.20 , 0.14 , 0.66 ,211, 0.22 , -   , 0.66 ,294, 0.19 , 0.15 , 0.66 ,20-30%,10-20%,60-70%,20-30%,NA,60-70%,10-20%,10-20%,60-70%
E07000094,Winchester,544, 0.15 , 0.13 , 0.73 ,244, 0.15 , -   , 0.75 ,299, 0.15 , 0.15 , 0.70 ,10-20%,10-20%,70-80%,10-20%,NA,70-80%,10-20%,10-20%,60-70%
E06000040,Windsor and Maidenhead,548, 0.19 , 0.08 , 0.73 ,241, 0.14 , -   , 0.78 ,305, 0.23 , 0.09 , 0.68 ,10-20%,0-10%,70-80%,10-20%,NA,70-80%,20-30%,0-10%,60-70%
E08000015,Wirral,473, 0.26 , 0.13 , 0.61 ,218, 0.27 , -   , 0.62 ,255, 0.24 , 0.16 , 0.60 ,20-30%,10-20%,60-70%,20-30%,NA,60-70%,20-30%,10-20%,60-70%
E07000217,Woking,496, 0.19 , 0.12 , 0.69 ,241, 0.15 , 0.11 , 0.74 ,254, 0.23 , 0.13 , 0.64 ,10-20%,10-20%,60-70%,10-20%,10-20%,70-80%,20-30%,10-20%,60-70%
E06000041,Wokingham,497, 0.16 , 0.11 , 0.73 ,227, 0.13 , -   , 0.75 ,268, 0.19 , 0.11 , 0.70 ,10-20%,10-20%,70-80%,10-20%,NA,70-80%,10-20%,10-20%,60-70%
E08000031,Wolverhampton,435, 0.34 , 0.14 , 0.53 ,187, 0.33 , -   , 0.55 ,244, 0.34 , -   , 0.50 ,30-40%,10-20%,50-60%,30-40%,NA,50-60%,30-40%,NA,50-60%
E07000237,Worcester,475, 0.25 , 0.11 , 0.64 ,205, 0.27 , -   , 0.62 ,266, 0.22 , 0.11 , 0.67 ,20-30%,10-20%,60-70%,20-30%,NA,60-70%,20-30%,10-20%,60-70%
E07000229,Worthing,450, 0.20 , 0.10 , 0.70 ,215, 0.20 , -   , 0.72 ,235, 0.20 , -   , 0.68 ,20-30%,0-10%,70-80%,10-20%,NA,70-80%,20-30%,NA,60-70%
E07000238,Wychavon,468, 0.22 , 0.16 , 0.62 ,214, 0.25 , -   , 0.63 ,253, 0.19 , 0.20 , 0.61 ,20-30%,10-20%,60-70%,20-30%,NA,60-70%,10-20%,10-20%,60-70%
E07000007,Wycombe,501, 0.19 , 0.10 , 0.72 ,216, 0.16 , -   , 0.73 ,282, 0.21 , -   , 0.70 ,10-20%,0-10%,70-80%,10-20%,NA,70-80%,20-30%,NA,60-70%
E07000128,Wyre,569, 0.28 , 0.13 , 0.59 ,255, 0.23 , 0.14 , 0.62 ,312, 0.32 , 0.11 , 0.57 ,20-30%,10-20%,50-60%,20-30%,10-20%,60-70%,30-40%,10-20%,50-60%
E07000239,Wyre Forest,495, 0.26 , 0.12 , 0.61 ,202, 0.22 , -   , 0.67 ,292, 0.30 , 0.14 , 0.57 ,20-30%,10-20%,60-70%,20-30%,NA,60-70%,20-30%,10-20%,50-60%
E06000014,York,487, 0.14 , 0.11 , 0.75 ,213, 0.15 , -   , 0.76 ,274, 0.13 , 0.12 , 0.74 ,10-20%,10-20%,70-80%,10-20%,NA,70-80%,10-20%,10-20%,70-80%
E06000058,"Bournemouth, Christchurch and Poole",1353, 0.22 , 0.12 , 0.66 ,598, 0.19 , 0.13 , 0.68 ,749, 0.24 , 0.11 , 0.65 ,20-30%,10-20%,60-70%,10-20%,10-20%,60-70%,20-30%,10-20%,60-70%
E06000059,Dorset (LA),2464, 0.22 , 0.14 , 0.64 ,1070, 0.22 , 0.12 , 0.66 ,1389, 0.22 , 0.15 , 0.63 ,20-30%,10-20%,60-70%,20-30%,10-20%,60-70%,20-30%,10-20%,60-70%
E07000244,East Suffolk,981, 0.27 , 0.11 , 0.62 ,437, 0.25 , 0.08 , 0.66 ,542, 0.28 , 0.14 , 0.59 ,20-30%,10-20%,60-70%,20-30%,0-10%,60-70%,20-30%,10-20%,50-60%
E07000246,Somerset West and Taunton,895, 0.26 , 0.10 , 0.64 ,398, 0.25 , 0.10 , 0.64 ,497, 0.26 , 0.10 , 0.64 ,20-30%,10-20%,60-70%,20-30%,10-20%,60-70%,20-30%,0-10%,60-70%
E07000245,West Suffolk,892, 0.24 , 0.11 , 0.65 ,376, 0.20 , 0.09 , 0.71 ,515, 0.28 , 0.13 , 0.59 ,20-30%,10-20%,60-70%,20-30%,0-10%,70-80%,20-30%,10-20%,50-60%
E10000002,Buckinghamshire,1883, 0.19 , 0.13 , 0.69 ,840, 0.18 , 0.11 , 0.70 ,1038, 0.19 , 0.14 , 0.67 ,10-20%,10-20%,60-70%,10-20%,10-20%,70-80%,10-20%,10-20%,60-70%
E10000003,Cambridgeshire,2630, 0.23 , 0.14 , 0.64 ,1165, 0.22 , 0.14 , 0.64 ,1452, 0.23 , 0.13 , 0.64 ,20-30%,10-20%,60-70%,20-30%,10-20%,60-70%,20-30%,10-20%,60-70%
E10000006,Cumbria,2992, 0.25 , 0.12 , 0.63 ,1353, 0.23 , 0.11 , 0.66 ,1627, 0.26 , 0.13 , 0.61 ,20-30%,10-20%,60-70%,20-30%,10-20%,60-70%,20-30%,10-20%,60-70%
E10000007,Derbyshire,4043, 0.25 , 0.12 , 0.63 ,1801, 0.26 , 0.10 , 0.64 ,2229, 0.24 , 0.14 , 0.62 ,20-30%,10-20%,60-70%,20-30%,10-20%,60-70%,20-30%,10-20%,60-70%
E10000008,Devon,3882, 0.19 , 0.11 , 0.69 ,1669, 0.18 , 0.09 , 0.72 ,2205, 0.20 , 0.13 , 0.67 ,10-20%,10-20%,60-70%,10-20%,0-10%,70-80%,10-20%,10-20%,60-70%
E10000009,Dorset (County),2889, 0.22 , 0.13 , 0.65 ,1266, 0.22 , 0.12 , 0.66 ,1616, 0.22 , 0.15 , 0.63 ,20-30%,10-20%,60-70%,20-30%,10-20%,60-70%,20-30%,10-20%,60-70%
E10000011,East Sussex,2427, 0.26 , 0.12 , 0.62 ,1046, 0.24 , 0.11 , 0.64 ,1375, 0.27 , 0.13 , 0.60 ,20-30%,10-20%,60-70%,20-30%,10-20%,60-70%,20-30%,10-20%,60-70%
E10000012,Essex,5977, 0.24 , 0.13 , 0.63 ,2578, 0.24 , 0.11 , 0.65 ,3380, 0.24 , 0.14 , 0.62 ,20-30%,10-20%,60-70%,20-30%,10-20%,60-70%,20-30%,10-20%,60-70%
E10000013,Gloucestershire,3072, 0.22 , 0.11 , 0.66 ,1396, 0.22 , 0.11 , 0.67 ,1666, 0.23 , 0.11 , 0.66 ,20-30%,10-20%,60-70%,20-30%,10-20%,60-70%,20-30%,10-20%,60-70%
E10000014,Hampshire,5431, 0.22 , 0.12 , 0.66 ,2464, 0.20 , 0.11 , 0.69 ,2954, 0.23 , 0.14 , 0.64 ,20-30%,10-20%,60-70%,20-30%,10-20%,60-70%,20-30%,10-20%,60-70%
E10000015,Hertfordshire,4713, 0.23 , 0.14 , 0.64 ,2094, 0.22 , 0.13 , 0.65 ,2606, 0.23 , 0.14 , 0.62 ,20-30%,10-20%,60-70%,20-30%,10-20%,60-70%,20-30%,10-20%,60-70%
E10000016,Kent,5906, 0.24 , 0.12 , 0.64 ,2568, 0.22 , 0.12 , 0.66 ,3323, 0.26 , 0.12 , 0.62 ,20-30%,10-20%,60-70%,20-30%,10-20%,60-70%,20-30%,10-20%,60-70%
E10000017,Lancashire,6125, 0.27 , 0.12 , 0.62 ,2766, 0.26 , 0.11 , 0.63 ,3344, 0.27 , 0.13 , 0.61 ,20-30%,10-20%,60-70%,20-30%,10-20%,60-70%,20-30%,10-20%,60-70%
E10000018,Leicestershire,3426, 0.24 , 0.13 , 0.63 ,1557, 0.22 , 0.12 , 0.66 ,1859, 0.26 , 0.15 , 0.60 ,20-30%,10-20%,60-70%,20-30%,10-20%,60-70%,20-30%,10-20%,50-60%
E10000019,Lincolnshire,3387, 0.30 , 0.12 , 0.58 ,1488, 0.29 , 0.11 , 0.60 ,1880, 0.30 , 0.13 , 0.56 ,20-30%,10-20%,50-60%,20-30%,10-20%,50-60%,30-40%,10-20%,50-60%
E10000020,Norfolk,3584, 0.25 , 0.14 , 0.62 ,1595, 0.24 , 0.14 , 0.62 ,1981, 0.25 , 0.14 , 0.61 ,20-30%,10-20%,60-70%,20-30%,10-20%,60-70%,20-30%,10-20%,60-70%
E10000021,Northamptonshire,3418, 0.26 , 0.13 , 0.60 ,1539, 0.27 , 0.11 , 0.62 ,1865, 0.25 , 0.16 , 0.59 ,20-30%,10-20%,60-70%,20-30%,10-20%,60-70%,20-30%,10-20%,50-60%
E10000023,North Yorkshire,3404, 0.23 , 0.12 , 0.65 ,1535, 0.22 , 0.12 , 0.66 ,1863, 0.24 , 0.11 , 0.64 ,20-30%,10-20%,60-70%,20-30%,10-20%,60-70%,20-30%,10-20%,60-70%
E10000024,Nottinghamshire,3587, 0.25 , 0.12 , 0.63 ,1612, 0.25 , 0.10 , 0.66 ,1967, 0.26 , 0.14 , 0.61 ,20-30%,10-20%,60-70%,20-30%,0-10%,60-70%,20-30%,10-20%,60-70%
E10000025,Oxfordshire,2732, 0.20 , 0.13 , 0.67 ,1182, 0.17 , 0.12 , 0.71 ,1542, 0.23 , 0.13 , 0.64 ,20-30%,10-20%,60-70%,10-20%,10-20%,70-80%,20-30%,10-20%,60-70%
E10000027,Somerset,2422, 0.25 , 0.11 , 0.64 ,1051, 0.24 , 0.10 , 0.66 ,1367, 0.26 , 0.13 , 0.62 ,20-30%,10-20%,60-70%,20-30%,10-20%,60-70%,20-30%,10-20%,60-70%
E10000028,Staffordshire,4129, 0.26 , 0.14 , 0.60 ,1811, 0.25 , 0.13 , 0.62 ,2304, 0.27 , 0.15 , 0.58 ,20-30%,10-20%,50-60%,20-30%,10-20%,60-70%,20-30%,10-20%,50-60%
E10000029,Suffolk,3331, 0.26 , 0.12 , 0.62 ,1439, 0.22 , 0.11 , 0.67 ,1886, 0.29 , 0.13 , 0.58 ,20-30%,10-20%,60-70%,20-30%,10-20%,60-70%,20-30%,10-20%,50-60%
E10000030,Surrey,5190, 0.20 , 0.11 , 0.69 ,2349, 0.17 , 0.11 , 0.72 ,2828, 0.22 , 0.12 , 0.66 ,10-20%,10-20%,60-70%,10-20%,10-20%,70-80%,20-30%,10-20%,60-70%
E10000031,Warwickshire,2498, 0.25 , 0.12 , 0.63 ,1092, 0.22 , 0.10 , 0.68 ,1402, 0.27 , 0.15 , 0.58 ,20-30%,10-20%,60-70%,20-30%,0-10%,60-70%,20-30%,10-20%,50-60%
E10000032,West Sussex,3413, 0.21 , 0.12 , 0.67 ,1532, 0.20 , 0.11 , 0.69 ,1876, 0.22 , 0.13 , 0.66 ,20-30%,10-20%,60-70%,20-30%,10-20%,60-70%,20-30%,10-20%,60-70%
E10000034,Worcestershire,3022, 0.25 , 0.13 , 0.62 ,1318, 0.24 , 0.11 , 0.64 ,1697, 0.25 , 0.15 , 0.60 ,20-30%,10-20%,60-70%,20-30%,10-20%,60-70%,20-30%,10-20%,60-70%
E12000004,East Midlands,21221, 0.26 , 0.12 , 0.62 ,9487, 0.25 , 0.11 , 0.64 ,11658, 0.26 , 0.14 , 0.60 ,20-30%,10-20%,60-70%,20-30%,10-20%,60-70%,20-30%,10-20%,50-60%
E12000006,East,23239, 0.25 , 0.13 , 0.62 ,10191, 0.24 , 0.12 , 0.64 ,12974, 0.25 , 0.14 , 0.61 ,20-30%,10-20%,60-70%,20-30%,10-20%,60-70%,20-30%,10-20%,60-70%
E12000007,London,16045, 0.24 , 0.11 , 0.64 ,6982, 0.23 , 0.10 , 0.67 ,8991, 0.25 , 0.12 , 0.62 ,20-30%,10-20%,60-70%,20-30%,10-20%,60-70%,20-30%,10-20%,60-70%
E12000001,North East,6932, 0.28 , 0.11 , 0.60 ,3118, 0.27 , 0.10 , 0.63 ,3803, 0.29 , 0.13 , 0.58 ,20-30%,10-20%,60-70%,20-30%,10-20%,60-70%,20-30%,10-20%,50-60%
E12000002,North West,26785, 0.26 , 0.12 , 0.62 ,11950, 0.25 , 0.11 , 0.65 ,14759, 0.27 , 0.13 , 0.60 ,20-30%,10-20%,60-70%,20-30%,10-20%,60-70%,20-30%,10-20%,50-60%
E12000008,South East,32882, 0.22 , 0.12 , 0.66 ,14583, 0.20 , 0.11 , 0.69 ,18217, 0.23 , 0.13 , 0.64 ,20-30%,10-20%,60-70%,20-30%,10-20%,60-70%,20-30%,10-20%,60-70%
E12000009,South West,19476, 0.22 , 0.12 , 0.67 ,8509, 0.21 , 0.11 , 0.67 ,10918, 0.21 , 0.13 , 0.66 ,20-30%,10-20%,60-70%,20-30%,10-20%,60-70%,20-30%,10-20%,60-70%
E12000005,West Midlands,16461, 0.28 , 0.13 , 0.59 ,7233, 0.27 , 0.11 , 0.62 ,9175, 0.29 , 0.14 , 0.57 ,20-30%,10-20%,50-60%,20-30%,10-20%,60-70%,20-30%,10-20%,50-60%
E12000003,Yorkshire and the Humber,14835, 0.26 , 0.11 , 0.62 ,6541, 0.25 , 0.10 , 0.65 ,8238, 0.27 , 0.13 , 0.60 ,20-30%,10-20%,60-70%,20-30%,10-20%,60-70%,20-30%,10-20%,50-60%
